2;Александров Алексей Львович;alexandroval;+79036087654
13;Ванова Татьяна Валериевна;vanovatv;+79067087858
5;Васильев Александр Николаевич;vasilevan;+79056345443
7;Ершов Геннадий Константинович;ershovgk;+79046087984
8;Зайцев Денис Львович;ershovdl;+79016087600
9;Иванов Николай Святославович;ivanovns;+79030007653
12;Иванова Ольга Ивановна;ivanovaoi;+79056057655
3;Интонов Денис Николаевич;оgatevaau;+79026087654
15;Калинина Оксана Игоревна;kalininaoi;+79026087633
11;Ланова Екатерина Сергеевна;lanovaes;+79046487644
16;Миллов Виталий Эдуардович;millovve;+79033387332
6;Насильева Инесса Николаевна;nasilevain;+79026087678
0;Огатьева Арина Юрьевна;оgatevaau;+79026087654
10;Рванова Галина Валерьевна;rvanovagv;+79066067656
1;Тгеева Юлия Вячеславовна;tgeevauv;+79026017654
14;Урионов Кристиан Радиславович;yrinovkr;+79226080854
4;Янтонова Кристина Юрьевна;yantovaku;+79226086554
