Огатьева Арина Юрьевна;оgatevaau;password;+79026087654
Тгеева Юлия Вячеславовна;tgeevauv;password;+79026017654
Александров Алексей Львович;alexandroval;password;+79036087654
Интонов Денис Николаевич;оgatevaau;password;+79026087654
Янтонова Кристина Юрьевна;yantovaku;password;+79226086554
Фанасьев Евгений Витальевичfanasevevpassword+79026087654
Васильев Александр Николаевич;vasilevan;password;+79056345443
Насильева Инесса Николаевна;nasilevain;password;+79026087678
Ершов Геннадий Константинович;ershovgk;password;+79046087984
Зайцев Денис Львович;ershovdl;password;+79016087600
Иванов Николай Святославович;ivanovns;password;+79030007653
Рванова Галина Валерьевна;rvanovagv;password;+79066067656
Ланова Екатерина Сергеевна;lanovaes;password;+79046487644
Иванова Ольга Ивановна;ivanovaoi;password;+79056057655
Ванова Татьяна Валериевна;vanovatv;password;+79067087858
Урионов Кристиан Радиславович;yrinovkr;password;+79226080854
Калинина Оксана Игоревна;kalininaoi;password;+79026087633
Миллов Виталий Эдуардович;millovve;password;+79033387332
